{
    "overall": {
        "mse": 0.589865608784822,
        "rmse": 0.76802708857489,
        "mae": 0.7461255736210767,
        "r2": -16.748093606557717,
        "num_samples": 17
    },
    "domains": {
        "1a02F00_pdb": {
            "mse": 0.589865608784822,
            "rmse": 0.76802708857489,
            "mae": 0.7461255736210767,
            "r2": -16.748093606557717,
            "num_residues": 17
        }
    },
    "residue_types": {
        "ARG": {
            "mse": 0.4981659169943344,
            "rmse": 0.7058086971654106,
            "mae": 0.6896489908297857,
            "r2": -21.026306945870836,
            "num_residues": 6
        },
        "ASN": {
            "mse": 0.8592132618827552,
            "rmse": 0.9269375717289461,
            "mae": 0.8754922673106194,
            "r2": -8.247170617439167,
            "num_residues": 2
        },
        "LYS": {
            "mse": 0.7164729097610447,
            "rmse": 0.8464472279835552,
            "mae": 0.8434952720999718,
            "r2": -141.7981841842176,
            "num_residues": 2
        },
        "ALA": {
            "mse": 0.3906016902159027,
            "rmse": 0.6249813518945206,
            "mae": 0.623396505912145,
            "r2": -196.3884055665299,
            "num_residues": 3
        }
    }
}