{
    "train_loss": [
        0.8407475153605143,
        0.8453361789385477,
        0.786283532778422,
        0.7919866442680359,
        0.7324390808741251
    ],
    "val_loss": [
        0.7064393758773804,
        0.6951322555541992,
        0.6649642586708069,
        0.5841611623764038,
        0.41832056641578674
    ]
}